Window,Chi2,df_val,p_value,Result
±3 (v29 base),0.32550947078243525,2,0.8497995886205945,✓ PASS
±5 (v30 extended),4.8200247456269585,4,0.30626747634544943,✓ PASS
